,precision,recall,f1-score,support
kickback,0.7352941176470589,1.0,0.847457627118644,50.0
no_esquema,0.996100278551532,0.8514285714285714,0.9181001283697048,2100.0
phantom_vendor,0.9090909090909091,1.0,0.9523809523809523,50.0
revenue_inflation,0.6410256410256411,1.0,0.78125,50.0
round_tripping,0.15151515151515152,0.9,0.25936599423631124,50.0
threshold_splitting,0.8245614035087719,0.94,0.8785046728971962,50.0
accuracy,0.8638297872340426,0.8638297872340426,0.8638297872340426,0.8638297872340426
macro avg,0.7095979168898441,0.9485714285714287,0.7728432291671349,2350.0
weighted avg,0.9595255089776995,0.8638297872340426,0.8995566944289513,2350.0
